method,k,n_features,model,R2,RMSE,MAE,train_time,select_time
RFE-SVR,10,10,SVR,0.8481182481237356,0.1600114317327305,0.10748653228775483,0.08776426315307617,16.16401767730713
RFE-SVR,10,10,XGBoost,0.8815041591786567,0.14133501382453773,0.09596865429220865,0.07346844673156738,16.16401767730713
RFE-SVR,10,10,RandomForest,0.859938837542463,0.15365867201010844,0.10394814496001846,0.23699736595153809,16.16401767730713
RFE-RandomForest,10,10,SVR,0.8205791291779787,0.17391405943166147,0.11408266996262281,0.11221003532409668,2.26061749458313
RFE-RandomForest,10,10,XGBoost,0.8657866061105568,0.15041672947706664,0.10173005684237192,0.11516404151916504,2.26061749458313
RFE-RandomForest,10,10,RandomForest,0.8504842435780743,0.15876022049327357,0.10520017159377615,0.2504997253417969,2.26061749458313
RFE-XGBoost,10,10,SVR,0.8189319006953149,0.17471057120674954,0.12151226304135795,0.08419919013977051,1.6910004615783691
RFE-XGBoost,10,10,XGBoost,0.8423611778547555,0.16301583874607112,0.11470190491640712,0.08968281745910645,1.6910004615783691
RFE-XGBoost,10,10,RandomForest,0.8334258967565898,0.16757219335697443,0.11733379820603214,0.24231243133544922,1.6910004615783691
SFS-Forward(Ridge),10,10,SVR,0.8908008693409681,0.1356774906427122,0.09245606266102384,0.10579514503479004,38.64397692680359
SFS-Forward(Ridge),10,10,XGBoost,0.8986135988751257,0.13073385449611474,0.08642864909149708,0.1116018295288086,38.64397692680359
SFS-Forward(Ridge),10,10,RandomForest,0.8737481466067405,0.1458871678897088,0.09555645910706018,0.25458836555480957,38.64397692680359
Lasso-TopK,10,10,SVR,0.8649889038920643,0.15086307091621673,0.10201287502092987,0.12508416175842285,0.00028967857360839844
Lasso-TopK,10,10,XGBoost,0.8895813017317659,0.13643302979201985,0.09103283991579023,0.09586787223815918,0.00028967857360839844
Lasso-TopK,10,10,RandomForest,0.860066079728146,0.15358885855307927,0.10209666776728413,0.24097037315368652,0.00028967857360839844
Importance-RF,10,10,SVR,0.8205791291779779,0.1739140594316618,0.11408266996262313,0.11162519454956055,0.41623806953430176
Importance-RF,10,10,XGBoost,0.866362467006579,0.15009369083409968,0.10297445029600193,0.08623433113098145,0.41623806953430176
Importance-RF,10,10,RandomForest,0.8513206496195548,0.15831553747342894,0.1047001826849644,0.25380682945251465,0.41623806953430176
Importance-XGB,10,10,SVR,0.8189319006953136,0.1747105712067501,0.12151226304135673,0.08440518379211426,0.3137655258178711
Importance-XGB,10,10,XGBoost,0.8418762219450632,0.16326639500367152,0.11570589555580701,0.0778357982635498,0.3137655258178711
Importance-XGB,10,10,RandomForest,0.8329483499398178,0.16781222555187594,0.11749749149253474,0.2203230857849121,0.3137655258178711
RFE-SVR,20,20,SVR,0.8333145804216289,0.16762817566962138,0.1093534901116593,0.09071540832519531,23.27817153930664
RFE-SVR,20,20,XGBoost,0.896061938293377,0.13236876564738057,0.08986572064676664,0.10408735275268555,23.27817153930664
RFE-SVR,20,20,RandomForest,0.8686527614911225,0.14880197156213412,0.09870226575750184,0.2487022876739502,23.27817153930664
RFE-RandomForest,20,20,SVR,0.8765024990248904,0.14428703099994006,0.09842563728165488,0.0868980884552002,4.319015979766846
RFE-RandomForest,20,20,XGBoost,0.8928664772051293,0.1343881282356832,0.09372862069829443,0.11256885528564453,4.319015979766846
RFE-RandomForest,20,20,RandomForest,0.8671709294502419,0.14963899374812042,0.09919881854812347,0.26750731468200684,4.319015979766846
RFE-XGBoost,20,20,SVR,0.8648341101450621,0.15094953036632944,0.10551733032395541,0.08663535118103027,2.2304210662841797
RFE-XGBoost,20,20,XGBoost,0.8989000897575874,0.13054901435401903,0.09053792882200408,0.14165759086608887,2.2304210662841797
RFE-XGBoost,20,20,RandomForest,0.8722828455416227,0.14673132158445004,0.09842453108814705,0.26224255561828613,2.2304210662841797
SFS-Forward(Ridge),20,20,SVR,0.8431672262017654,0.16259853339814365,0.10614272893409497,0.08639216423034668,55.41226029396057
SFS-Forward(Ridge),20,20,XGBoost,0.9074866689686939,0.12488215126973651,0.08509141690692651,0.10463523864746094,55.41226029396057
SFS-Forward(Ridge),20,20,RandomForest,0.881001796594021,0.14163429154135265,0.09363238678748871,0.249373197555542,55.41226029396057
Lasso-TopK,20,20,SVR,0.873538151982234,0.14600844449591766,0.0995474395403899,0.09177923202514648,0.0002589225769042969
Lasso-TopK,20,20,XGBoost,0.9033495197855252,0.1276439456387689,0.08790106223480368,0.11544179916381836,0.0002589225769042969
Lasso-TopK,20,20,RandomForest,0.8726209942306211,0.14653694718836913,0.09607038732148751,0.25092458724975586,0.0002589225769042969
Importance-RF,20,20,SVR,0.8765024990248907,0.14428703099993986,0.09842563728165489,0.08819365501403809,0.4018404483795166
Importance-RF,20,20,XGBoost,0.8963554728716301,0.13218172020550037,0.09291281120873761,0.1246333122253418,0.4018404483795166
Importance-RF,20,20,RandomForest,0.8666442466311559,0.14993536831531554,0.09966540932515529,0.25647401809692383,0.4018404483795166
Importance-XGB,20,20,SVR,0.8496154230766044,0.15922082189590087,0.10831624545952907,0.09507465362548828,0.32648730278015137
Importance-XGB,20,20,XGBoost,0.8820402023612928,0.14101497075050926,0.09830753146318483,0.1414017677307129,0.32648730278015137
Importance-XGB,20,20,RandomForest,0.8631903401663987,0.15186461510016602,0.1011599018905877,0.24265336990356445,0.32648730278015137
RFE-SVR,30,30,SVR,0.8805337678166939,0.14191254730677666,0.10133358305574391,0.0754086971282959,16.145673036575317
RFE-SVR,30,30,XGBoost,0.9056054921955959,0.12614544564863459,0.08650376327034265,0.10800552368164062,16.145673036575317
RFE-SVR,30,30,RandomForest,0.8721189520360138,0.14682543815283353,0.09785287402154656,0.24802160263061523,16.145673036575317
RFE-RandomForest,30,30,SVR,0.8485308618416326,0.15979393419702542,0.10751913204321936,0.06072378158569336,2.201740264892578
RFE-RandomForest,30,30,XGBoost,0.8909374116451523,0.1355926387220201,0.09271549659148884,0.1239478588104248,2.201740264892578
RFE-RandomForest,30,30,RandomForest,0.8699465437093121,0.14806730148193326,0.09891891415995349,0.2809631824493408,2.201740264892578
RFE-XGBoost,30,30,SVR,0.8821884483302178,0.1409263326145546,0.09580460782000885,0.07294154167175293,0.8972508907318115
RFE-XGBoost,30,30,XGBoost,0.8991761521092796,0.13037065463115344,0.09027531462951845,0.11551618576049805,0.8972508907318115
RFE-XGBoost,30,30,RandomForest,0.8705359347941368,0.14773140634641246,0.09788302572598417,0.267458438873291,0.8972508907318115
SFS-Forward(Ridge),30,30,SVR,0.863293072700972,0.15180758562292837,0.09941823351205391,0.07147789001464844,79.58017253875732
SFS-Forward(Ridge),30,30,XGBoost,0.9100126687264494,0.12316545012297381,0.08256759796418282,0.11516761779785156,79.58017253875732
SFS-Forward(Ridge),30,30,RandomForest,0.8844298660923363,0.1395793014455288,0.09202672079769952,0.24867582321166992,79.58017253875732
Lasso-TopK,30,30,SVR,0.8645244999308027,0.15112231354435735,0.09829843312306975,0.0687413215637207,0.00020837783813476562
Lasso-TopK,30,30,XGBoost,0.9155360339250818,0.119325688075454,0.08317402525646948,0.10517215728759766,0.00020837783813476562
Lasso-TopK,30,30,RandomForest,0.8733213040315543,0.14613357342334574,0.09615899592285627,0.25902271270751953,0.00020837783813476562
Importance-RF,30,30,SVR,0.8501424343479268,0.15894158843441822,0.10481528797701269,0.05899786949157715,0.4463021755218506
Importance-RF,30,30,XGBoost,0.8963109952616914,0.1322100791384516,0.08958236223208822,0.11017537117004395,0.4463021755218506
Importance-RF,30,30,RandomForest,0.8692293477651338,0.148475007933632,0.0994807591133899,0.2785680294036865,0.4463021755218506
Importance-XGB,30,30,SVR,0.8733667760970011,0.14610734331501532,0.09764392558479858,0.07320070266723633,0.32630157470703125
Importance-XGB,30,30,XGBoost,0.8954143693699146,0.1327804762333043,0.09312498312658617,0.1171875,0.32630157470703125
Importance-XGB,30,30,RandomForest,0.8713147820180177,0.14728636483375454,0.09822004339911672,0.2655491828918457,0.32630157470703125
Lasso-NonZero,97,97,SVR,0.8169390541689929,0.17566937784745684,0.10926149814485242,0.0524744987487793,0.0
Lasso-NonZero,97,97,XGBoost,0.9048722076440344,0.1266344654032501,0.08644845560301588,0.18814849853515625,0.0
Lasso-NonZero,97,97,RandomForest,0.8746863075278771,0.14534412300420815,0.09783091405873756,0.30951690673828125,0.0
Baseline-All,232,232,SVR,0.7509041604736084,0.2049186325818058,0.12476413815541165,0.07412552833557129,0.0
Baseline-All,232,232,XGBoost,0.9074065588696228,0.12493620919076671,0.08512678730739809,0.33089280128479004,0.0
Baseline-All,232,232,RandomForest,0.8736629367574974,0.14593639063959526,0.09796608791409644,0.4120478630065918,0.0
