Method,Model,Số đặc trưng,R2,RMSE,MAE,Thời gian (s)
Baseline (tất cả đặc trưng),SVR,12,-0.1780213433654585,302735.33075158374,259288.46112673343,0.2427257000017562
Baseline (tất cả đặc trưng),XGBoost,12,-0.07190775871276855,288778.75157289533,249126.921875,0.43410609999409644
Baseline (tất cả đặc trưng),RandomForest,12,-0.09130957532491513,291380.51841677283,251003.08759999997,0.715606800004025
Filter - Pearson,SVR,6,-0.06104439830142305,287311.69693462225,247330.5200352151,0.18285409999953117
Filter - Pearson,XGBoost,6,-0.03505706787109375,283771.42441056325,245527.5,0.4975728999997955
Filter - Pearson,RandomForest,6,-0.07552966101573144,289266.22282151855,247879.7032178171,0.4576821000009659
Filter - Mutual Info,SVR,6,-0.06275844124039831,287543.6692541453,248780.72419233577,0.1578914000056102
Filter - Mutual Info,XGBoost,6,-0.04740703105926514,285459.34284237394,247531.65625,0.3374088999989908
Filter - Mutual Info,RandomForest,6,-0.048371439386406756,285590.73836170376,247213.3189560284,0.4896630000002915
Filter - f_regression,SVR,6,-0.06104439830142305,287311.69693462225,247330.5200352151,0.15512630000011995
Filter - f_regression,XGBoost,6,-0.03505706787109375,283771.42441056325,245527.5,0.4123223999995389
Filter - f_regression,RandomForest,6,-0.07552966101573144,289266.22282151855,247879.7032178171,0.4581474000005983
Wrapper - RFE,SVR,6,-0.0978391547513402,292250.91983248026,251700.93865816138,0.16616299999441253
Wrapper - RFE,XGBoost,6,-0.058489322662353516,286965.5519953571,249324.21875,0.5643565999998827
Wrapper - RFE,RandomForest,6,-0.1300995834659069,296513.78332966886,258229.42967500002,0.6568348000000697
Wrapper - SFS,SVR,6,-0.07722802956206976,289494.5228302749,249021.82883752167,0.1701699999975972
Wrapper - SFS,XGBoost,6,-0.05263698101043701,286171.1317935476,247322.359375,0.4045018000033451
Wrapper - SFS,RandomForest,6,-0.08975017589065715,291172.2635548369,250208.79315596417,0.5766906999997445
Embedded - Lasso,SVR,6,-0.06104439830142305,287311.69693462225,247330.5200352151,0.14992269999493146
Embedded - Lasso,XGBoost,6,-0.03505706787109375,283771.42441056325,245527.5,0.6755388000019593
Embedded - Lasso,RandomForest,6,-0.07552966101573144,289266.22282151855,247879.7032178171,0.5590493999989121
Embedded - RF importance,SVR,6,-0.08424831344012906,290436.3073211039,249810.88553752124,0.15619580000202404
Embedded - RF importance,XGBoost,6,-0.059354424476623535,287082.79903888353,249302.359375,0.37740969999867957
Embedded - RF importance,RandomForest,6,-0.0980070679512759,292273.2686941774,252859.80397500002,0.6184633000011672
Embedded - XGB importance,SVR,6,-0.10086817425836747,292653.8130832083,252470.712034018,0.16312399999878835
Embedded - XGB importance,XGBoost,6,-0.09545814990997314,291933.8094842733,250856.34375,0.53428719999647
Embedded - XGB importance,RandomForest,6,-0.24834140412000383,311640.0148142446,260930.10972339287,0.6287531000052695
