,VIF
BsmtFinSF2,inf
BsmtUnfSF,inf
TotalBsmtSF,inf
GrLivArea,inf
LowQualFinSF,inf
2ndFlrSF,inf
BsmtFinSF1,inf
1stFlrSF,inf
GarageCars,6.067296281352984
GarageArea,5.316749378090019
TotRmsAbvGrd,4.828524290048469
YearBuilt,4.098281279269787
OverallQual,3.2267937206914796
FullBath,2.931304722545355
BedroomAbvGr,2.300327110785281
YearRemodAdd,2.2810866917381056
BsmtFullBath,2.210558914401549
HalfBath,2.166435228887587
GarageYrBlt,1.8220374342171168
OverallCond,1.5857114912151782
Fireplaces,1.5685955166984413
LotFrontage,1.4768240341006373
KitchenAbvGr,1.4081087917220791
MasVnrArea,1.397825737595452
EnclosedPorch,1.2839961275387848
LotArea,1.2662712315594804
OpenPorchSF,1.2220714296896238
WoodDeckSF,1.2098440427077777
BsmtHalfBath,1.14694531532199
ScreenPorch,1.1101497339463213
PoolArea,1.098339756255253
YrSold,1.0506842017868019
MoSold,1.0481825930423712
3SsnPorch,1.0238853411347162
MiscVal,1.0228915197742052
